order_item_id,order_id,product_id,quantity,unit_price_usd
1,1,2,1,19.0
2,2,2,1,19.0
3,3,1,1,27.0
4,4,2,1,19.0
5,5,2,1,19.0
6,6,1,1,27.0
7,6,2,1,19.0
8,7,2,1,19.0
9,8,1,1,27.0
10,9,2,1,19.0
11,10,2,1,19.0
12,11,1,1,27.0
13,12,3,1,47.0
14,13,1,1,27.0
15,14,1,1,27.0
16,15,1,1,27.0
17,15,3,1,47.0
18,16,1,1,27.0
19,16,2,1,19.0
20,17,1,1,27.0
21,18,2,1,19.0
22,19,2,1,19.0
23,20,2,1,19.0
24,21,3,1,47.0
25,22,2,1,19.0
26,23,1,1,27.0
27,24,3,1,47.0
28,25,1,1,27.0
29,26,1,1,27.0
30,27,2,1,19.0
31,28,1,1,27.0
32,29,1,1,27.0
33,30,1,1,27.0
34,31,2,1,19.0
35,32,1,1,27.0
36,32,2,1,19.0
37,33,1,1,27.0
38,34,1,1,27.0
39,35,1,1,27.0
40,36,2,1,19.0
41,37,3,1,47.0
42,38,3,1,47.0
43,39,1,1,27.0
44,40,1,1,27.0
45,40,2,1,19.0
46,41,1,1,27.0
47,42,2,1,19.0
48,43,1,1,27.0
49,44,2,1,19.0
50,45,2,1,19.0
51,46,1,1,27.0
52,47,1,1,27.0
53,48,2,1,19.0
54,49,1,1,27.0
55,50,1,1,27.0
56,51,2,1,19.0
57,52,3,1,47.0
58,53,2,1,19.0
59,54,2,1,19.0
60,55,3,1,47.0
61,56,2,1,19.0
62,57,1,1,27.0
63,58,2,1,19.0
64,59,3,1,47.0
65,60,2,1,19.0
66,61,2,1,19.0
67,62,2,1,19.0
68,63,1,1,27.0
69,64,2,1,19.0
70,65,2,1,19.0
71,66,1,1,27.0
72,67,1,1,27.0
73,68,1,1,27.0
74,69,1,1,27.0
75,70,3,1,47.0
76,71,1,1,27.0
77,72,1,1,27.0
78,73,2,1,19.0
79,74,1,1,27.0
80,75,2,1,19.0
81,76,2,1,19.0
82,77,2,1,19.0
83,78,2,1,19.0
84,79,1,1,27.0
85,80,2,1,19.0
86,81,1,1,27.0
87,81,3,1,47.0
88,82,2,1,19.0
89,83,1,1,27.0
90,84,1,1,27.0
91,85,1,1,27.0
92,86,1,1,27.0
93,87,1,1,27.0
94,88,1,1,27.0
95,88,2,1,19.0
96,89,1,1,27.0
97,90,2,1,19.0
98,91,1,1,27.0
99,92,1,1,27.0
100,93,1,1,27.0
101,93,2,1,19.0
102,94,1,1,27.0
103,94,2,1,19.0
104,95,3,1,47.0
105,96,1,1,27.0
106,97,2,1,19.0
107,98,2,1,19.0
108,99,3,1,47.0
109,100,2,1,19.0
110,101,1,1,27.0
111,102,1,1,27.0
112,103,2,1,19.0
113,104,3,1,47.0
114,105,1,1,27.0
115,105,2,1,19.0
116,106,2,1,19.0
117,107,1,1,27.0
118,108,1,1,27.0
119,109,1,1,27.0
120,110,1,1,27.0
121,111,2,1,19.0
122,111,3,1,47.0
123,112,1,1,27.0
124,112,3,1,47.0
125,113,1,1,27.0
126,113,2,1,19.0
127,114,2,1,19.0
128,115,3,1,47.0
129,116,2,1,19.0
130,116,3,1,47.0
131,117,3,1,47.0
132,118,1,1,27.0
133,119,3,1,47.0
134,120,2,1,19.0
135,121,2,1,19.0
136,122,1,1,27.0
137,123,3,1,47.0
138,124,1,1,27.0
139,125,1,1,27.0
140,126,3,1,47.0
141,127,1,1,27.0
142,128,1,1,27.0
143,129,2,1,19.0
144,130,2,1,19.0
145,131,1,1,27.0
146,132,3,1,47.0
147,133,1,1,27.0
148,133,2,1,19.0
149,134,3,1,47.0
150,135,2,1,19.0
151,136,1,1,27.0
152,137,2,1,19.0
153,138,3,1,47.0
154,139,1,1,27.0
155,140,1,1,27.0
156,141,1,1,27.0
157,142,1,1,27.0
158,143,3,1,47.0
159,144,2,1,19.0
160,145,2,1,19.0
161,146,3,1,47.0
162,147,2,1,19.0
163,148,3,1,47.0
164,149,1,1,27.0
165,149,2,1,19.0
166,150,1,1,27.0
167,151,1,1,27.0
168,152,1,1,27.0
169,153,2,1,19.0
170,154,3,1,47.0
171,155,1,1,27.0
172,156,3,1,47.0
173,157,1,1,27.0
174,158,1,1,27.0
175,158,2,1,19.0
176,159,3,1,47.0
177,160,2,1,19.0
178,161,1,1,27.0
179,162,1,1,27.0
180,163,2,1,19.0
181,164,2,1,19.0
182,165,1,1,27.0
183,166,2,1,19.0
184,167,2,1,19.0
185,168,1,1,27.0
186,169,1,1,27.0
187,170,1,1,27.0
188,171,1,1,27.0
189,172,2,1,19.0
190,173,1,1,27.0
191,174,1,1,27.0
192,175,1,1,27.0
193,176,2,1,19.0
194,177,1,1,27.0
195,177,3,1,47.0
196,178,2,1,19.0
197,179,1,1,27.0
198,180,1,1,27.0
199,181,1,1,27.0
200,182,1,1,27.0
201,183,2,1,19.0
202,184,2,1,19.0
203,185,2,1,19.0
204,186,2,1,19.0
205,187,3,1,47.0
206,188,1,1,27.0
207,189,2,1,19.0
208,190,2,1,19.0
209,191,1,1,27.0
210,192,2,1,19.0
211,193,3,1,47.0
212,194,1,1,27.0
213,194,3,1,47.0
214,195,1,1,27.0
215,196,1,1,27.0
216,197,3,1,47.0
217,198,2,1,19.0
218,199,2,1,19.0
219,200,1,1,27.0
220,201,1,1,27.0
221,202,3,1,47.0
222,203,1,1,27.0
223,204,3,1,47.0
224,205,1,1,27.0
225,206,2,1,19.0
226,207,3,1,47.0
227,208,1,1,27.0
228,209,1,1,27.0
229,210,1,1,27.0
230,211,1,1,27.0
231,212,2,1,19.0
232,213,2,1,19.0
233,214,3,1,47.0
234,215,1,1,27.0
235,215,2,1,19.0
236,216,2,1,19.0
237,217,2,1,19.0
238,218,1,1,27.0
239,219,1,1,27.0
240,219,2,1,19.0
241,220,1,1,27.0
242,221,1,1,27.0
243,221,2,1,19.0
244,222,1,1,27.0
245,222,2,1,19.0
246,223,2,1,19.0
247,224,1,1,27.0
248,225,1,1,27.0
249,226,1,1,27.0
250,227,2,1,19.0
251,228,2,1,19.0
252,229,2,1,19.0
253,230,1,1,27.0
254,231,2,1,19.0
255,232,1,1,27.0
256,233,1,1,27.0
257,234,3,1,47.0
258,235,1,1,27.0
259,235,3,1,47.0
260,236,1,1,27.0
261,236,3,1,47.0
262,237,1,1,27.0
263,238,2,1,19.0
264,239,2,1,19.0
265,240,1,1,27.0
266,241,1,1,27.0
267,242,1,1,27.0
268,243,1,1,27.0
269,244,1,1,27.0
270,245,1,1,27.0
271,246,1,1,27.0
272,246,2,1,19.0
273,247,2,1,19.0
274,248,3,1,47.0
275,249,1,1,27.0
276,250,1,1,27.0
277,250,2,1,19.0
278,251,1,1,27.0
279,252,2,1,19.0
280,253,1,1,27.0
281,254,3,1,47.0
282,255,2,1,19.0
283,256,1,1,27.0
284,257,1,1,27.0
285,258,2,1,19.0
286,259,1,1,27.0
287,260,1,1,27.0
288,261,3,1,47.0
289,262,1,1,27.0
290,263,2,1,19.0
291,264,2,1,19.0
292,265,3,1,47.0
293,266,1,1,27.0
294,267,2,1,19.0
295,268,1,1,27.0
296,269,1,1,27.0
297,270,1,1,27.0
298,271,2,1,19.0
299,272,1,1,27.0
300,273,2,1,19.0
301,274,1,1,27.0
302,275,1,1,27.0
303,276,1,1,27.0
304,276,3,1,47.0
305,277,2,1,19.0
306,278,3,1,47.0
307,279,3,1,47.0
308,280,3,1,47.0
309,281,1,1,27.0
310,281,3,1,47.0
311,282,2,1,19.0
312,283,2,1,19.0
313,284,1,1,27.0
314,285,1,1,27.0
315,286,2,1,19.0
316,287,2,1,19.0
317,288,1,1,27.0
318,288,3,1,47.0
319,289,1,1,27.0
320,289,2,1,19.0
321,290,1,1,27.0
322,291,2,1,19.0
323,292,1,1,27.0
324,293,1,1,27.0
325,294,3,1,47.0
326,295,1,1,27.0
327,296,1,1,27.0
328,297,2,1,19.0
329,297,3,1,47.0
330,298,1,1,27.0
331,298,2,1,19.0
332,299,1,1,27.0
333,299,2,1,19.0
334,300,1,1,27.0
335,301,3,1,47.0
336,302,1,1,27.0
337,303,1,1,27.0
338,304,2,1,19.0
339,305,1,1,27.0
340,306,2,1,19.0
341,307,1,1,27.0
342,308,1,1,27.0
343,308,3,1,47.0
344,309,1,1,27.0
345,310,1,1,27.0
346,311,3,1,47.0
347,312,1,1,27.0
348,313,3,1,47.0
349,314,2,1,19.0
350,315,2,1,19.0
351,316,2,1,19.0
352,317,1,1,27.0
353,317,2,1,19.0
354,318,3,1,47.0
355,319,1,1,27.0
356,319,2,1,19.0
357,320,1,1,27.0
358,320,2,1,19.0
359,321,1,1,27.0
360,322,1,1,27.0
361,323,2,1,19.0
362,324,1,1,27.0
363,325,1,1,27.0
364,326,1,1,27.0
365,327,3,1,47.0
366,328,2,1,19.0
367,329,1,1,27.0
368,330,1,1,27.0
369,331,1,1,27.0
370,332,2,1,19.0
371,333,1,1,27.0
372,333,2,1,19.0
373,334,1,1,27.0
374,335,1,1,27.0
375,336,2,1,19.0
376,337,1,1,27.0
377,338,2,1,19.0
378,339,2,1,19.0
379,340,1,1,27.0
380,341,1,1,27.0
381,342,2,1,19.0
382,343,2,1,19.0
383,344,2,1,19.0
384,345,1,1,27.0
385,346,2,1,19.0
386,347,1,1,27.0
387,348,1,1,27.0
388,348,2,1,19.0
389,349,2,1,19.0
390,350,1,1,27.0
391,351,1,1,27.0
392,352,1,1,27.0
393,352,2,1,19.0
394,353,1,1,27.0
395,354,2,1,19.0
396,354,3,1,47.0
397,355,3,1,47.0
398,356,2,1,19.0
399,357,1,1,27.0
400,358,1,1,27.0
401,359,1,1,27.0
402,360,1,1,27.0
403,361,1,1,27.0
404,361,3,1,47.0
405,362,1,1,27.0
406,363,2,1,19.0
407,364,2,1,19.0
408,365,2,1,19.0
409,366,1,1,27.0
410,366,2,1,19.0
411,367,2,1,19.0
412,368,2,1,19.0
413,369,1,1,27.0
414,370,1,1,27.0
415,371,1,1,27.0
416,372,1,1,27.0
417,373,2,1,19.0
418,373,3,1,47.0
419,374,2,1,19.0
420,375,1,1,27.0
421,376,3,1,47.0
422,377,2,1,19.0
423,378,1,1,27.0
424,379,1,1,27.0
425,380,3,1,47.0
426,381,1,1,27.0
427,382,1,1,27.0
428,383,1,1,27.0
429,383,3,1,47.0
430,384,1,1,27.0
431,385,1,1,27.0
432,386,1,1,27.0
433,387,1,1,27.0
434,388,2,1,19.0
435,389,2,1,19.0
436,390,2,1,19.0
437,391,3,1,47.0
438,392,1,1,27.0
439,393,1,1,27.0
440,394,1,1,27.0
441,395,1,1,27.0
442,396,1,1,27.0
443,397,1,1,27.0
444,398,1,1,27.0
445,399,2,1,19.0
446,400,2,1,19.0
447,401,1,1,27.0
448,401,3,1,47.0
449,402,2,1,19.0
450,402,3,1,47.0
451,403,2,1,19.0
452,404,1,1,27.0
453,405,2,1,19.0
454,405,3,1,47.0
455,406,1,1,27.0
456,406,2,1,19.0
457,407,3,1,47.0
458,408,1,1,27.0
459,409,2,1,19.0
460,410,2,1,19.0
461,411,1,1,27.0
462,412,2,1,19.0
463,413,1,1,27.0
464,413,2,1,19.0
465,414,1,1,27.0
466,415,2,1,19.0
467,416,1,1,27.0
468,416,2,1,19.0
469,417,3,1,47.0
470,418,1,1,27.0
471,418,3,1,47.0
472,419,1,1,27.0
473,420,1,1,27.0
474,421,2,1,19.0
475,421,3,1,47.0
476,422,1,1,27.0
477,423,1,1,27.0
478,424,1,1,27.0
479,425,1,1,27.0
480,426,2,1,19.0
481,427,1,1,27.0
482,428,2,1,19.0
483,429,3,1,47.0
484,430,1,1,27.0
485,431,2,1,19.0
486,432,1,1,27.0
487,433,1,1,27.0
488,434,1,1,27.0
489,435,1,1,27.0
490,435,2,1,19.0
491,436,2,1,19.0
492,437,1,1,27.0
493,438,1,1,27.0
494,439,2,1,19.0
495,440,3,1,47.0
496,441,2,1,19.0
497,442,1,1,27.0
498,443,2,1,19.0
499,443,3,1,47.0
500,444,1,1,27.0
501,445,2,1,19.0
502,446,1,1,27.0
503,447,2,1,19.0
504,448,1,1,27.0
505,449,3,1,47.0
506,450,1,1,27.0
507,451,2,1,19.0
508,452,1,1,27.0
509,453,1,1,27.0
510,454,1,1,27.0
511,455,1,1,27.0
512,456,2,1,19.0
513,457,1,1,27.0
514,458,2,1,19.0
515,459,2,1,19.0
516,460,1,1,27.0
517,461,1,1,27.0
518,462,2,1,19.0
519,463,2,1,19.0
520,464,2,1,19.0
521,465,2,1,19.0
522,466,1,1,27.0
523,467,1,1,27.0
524,468,1,1,27.0
525,469,1,1,27.0
526,470,1,1,27.0
527,470,3,1,47.0
528,471,1,1,27.0
529,472,1,1,27.0
530,473,1,1,27.0
531,473,3,1,47.0
532,474,3,1,47.0
533,475,1,1,27.0
534,475,2,1,19.0
535,476,2,1,19.0
536,477,3,1,47.0
537,478,2,1,19.0
538,479,1,1,27.0
539,480,2,1,19.0
540,481,2,1,19.0
541,482,2,1,19.0
542,483,1,1,27.0
543,484,2,1,19.0
544,485,1,1,27.0
545,486,1,1,27.0
546,487,1,1,27.0
547,488,1,1,27.0
548,489,1,1,27.0
549,490,1,1,27.0
550,491,1,1,27.0
551,492,1,1,27.0
552,493,1,1,27.0
553,494,2,1,19.0
554,495,2,1,19.0
555,496,2,1,19.0
556,497,1,1,27.0
557,498,2,1,19.0
558,499,2,1,19.0
559,500,2,1,19.0
560,501,3,1,47.0
561,502,1,1,27.0
562,503,1,1,27.0
563,504,1,1,27.0
564,505,1,1,27.0
565,506,1,1,27.0
566,507,2,1,19.0
567,508,2,1,19.0
568,509,1,1,27.0
569,510,1,1,27.0
570,510,2,1,19.0
571,511,3,1,47.0
572,512,2,1,19.0
573,513,2,1,19.0
574,514,2,1,19.0
575,515,2,1,19.0
576,516,2,1,19.0
577,517,1,1,27.0
578,518,2,1,19.0
579,519,2,1,19.0
580,520,2,1,19.0
581,521,2,1,19.0
582,522,1,1,27.0
583,523,3,1,47.0
584,524,1,1,27.0
585,525,2,1,19.0
586,526,1,1,27.0
587,527,1,1,27.0
588,528,1,1,27.0
589,529,1,1,27.0
590,529,3,1,47.0
591,530,1,1,27.0
592,530,2,1,19.0
593,531,3,1,47.0
594,532,1,1,27.0
595,533,1,1,27.0
596,534,1,1,27.0
597,535,2,1,19.0
598,536,1,1,27.0
599,536,3,1,47.0
600,537,1,1,27.0
601,537,2,1,19.0
602,538,1,1,27.0
603,539,1,1,27.0
604,539,2,1,19.0
605,540,3,1,47.0
606,541,1,1,27.0
607,542,1,1,27.0
608,542,2,1,19.0
609,543,2,1,19.0
610,544,1,1,27.0
611,545,1,1,27.0
612,546,1,1,27.0
613,546,2,1,19.0
614,547,3,1,47.0
615,548,1,1,27.0
616,548,2,1,19.0
617,549,2,1,19.0
618,550,3,1,47.0
619,551,2,1,19.0
620,552,1,1,27.0
621,553,1,1,27.0
622,554,1,1,27.0
623,555,1,1,27.0
624,556,1,1,27.0
625,556,3,1,47.0
626,557,3,1,47.0
627,558,3,1,47.0
628,559,2,1,19.0
629,560,1,1,27.0
630,560,2,1,19.0
631,561,2,1,19.0
632,562,1,1,27.0
633,563,1,1,27.0
634,564,1,1,27.0
635,564,2,1,19.0
636,565,2,1,19.0
637,566,1,1,27.0
638,567,1,1,27.0
639,568,1,1,27.0
640,569,3,1,47.0
641,570,3,1,47.0
642,571,1,1,27.0
643,572,1,1,27.0
644,573,1,1,27.0
645,574,3,1,47.0
646,575,1,1,27.0
647,576,1,1,27.0
648,576,2,1,19.0
649,577,2,1,19.0
650,578,3,1,47.0
651,579,1,1,27.0
652,580,1,1,27.0
653,581,1,1,27.0
654,582,1,1,27.0
655,583,1,1,27.0
656,583,2,1,19.0
657,584,2,1,19.0
658,585,1,1,27.0
659,586,1,1,27.0
660,587,1,1,27.0
661,587,3,1,47.0
662,588,1,1,27.0
663,589,1,1,27.0
664,590,1,1,27.0
665,591,2,1,19.0
666,592,1,1,27.0
667,593,1,1,27.0
668,594,1,1,27.0
669,594,3,1,47.0
670,595,2,1,19.0
671,596,1,1,27.0
672,596,3,1,47.0
673,597,1,1,27.0
674,598,3,1,47.0
675,599,1,1,27.0
676,600,1,1,27.0
677,601,3,1,47.0
678,602,1,1,27.0
679,603,1,1,27.0
680,604,3,1,47.0
681,605,1,1,27.0
682,606,1,1,27.0
683,607,1,1,27.0
684,608,3,1,47.0
685,609,1,1,27.0
686,609,2,1,19.0
687,610,2,1,19.0
688,611,1,1,27.0
689,611,2,1,19.0
690,612,1,1,27.0
691,613,1,1,27.0
692,614,1,1,27.0
693,615,1,1,27.0
694,616,1,1,27.0
695,617,2,1,19.0
696,618,1,1,27.0
697,618,2,1,19.0
698,619,1,1,27.0
699,620,1,1,27.0
700,621,2,1,19.0
701,622,3,1,47.0
702,623,2,1,19.0
703,624,1,1,27.0
704,625,1,1,27.0
705,626,1,1,27.0
706,627,1,1,27.0
707,628,2,1,19.0
708,629,2,1,19.0
709,630,2,1,19.0
710,631,1,1,27.0
711,632,2,1,19.0
712,632,3,1,47.0
713,633,1,1,27.0
714,634,1,1,27.0
715,635,1,1,27.0
716,636,1,1,27.0
717,637,1,1,27.0
718,638,1,1,27.0
719,639,2,1,19.0
720,640,1,1,27.0
721,641,1,1,27.0
722,642,1,1,27.0
723,643,1,1,27.0
724,644,3,1,47.0
725,645,1,1,27.0
726,646,1,1,27.0
727,647,1,1,27.0
728,648,3,1,47.0
729,649,2,1,19.0
730,650,2,1,19.0
731,651,1,1,27.0
732,652,1,1,27.0
733,653,1,1,27.0
734,654,1,1,27.0
735,655,1,1,27.0
736,656,1,1,27.0
737,656,3,1,47.0
738,657,2,1,19.0
739,657,3,1,47.0
740,658,2,1,19.0
741,659,1,1,27.0
742,660,1,1,27.0
743,661,1,1,27.0
744,661,2,1,19.0
745,662,1,1,27.0
746,663,2,1,19.0
747,664,2,1,19.0
748,665,1,1,27.0
749,666,1,1,27.0
750,666,2,1,19.0
751,667,2,1,19.0
752,668,2,1,19.0
753,669,2,1,19.0
754,670,2,1,19.0
755,671,1,1,27.0
756,672,1,1,27.0
757,673,1,1,27.0
758,673,2,1,19.0
759,674,1,1,27.0
760,675,2,1,19.0
761,676,2,1,19.0
762,677,1,1,27.0
763,677,2,1,19.0
764,678,2,1,19.0
765,679,1,1,27.0
766,679,2,1,19.0
767,680,1,1,27.0
768,681,1,1,27.0
769,682,1,1,27.0
770,683,2,1,19.0
771,684,1,1,27.0
772,684,3,1,47.0
773,685,1,1,27.0
774,686,1,1,27.0
775,686,2,1,19.0
776,687,3,1,47.0
777,688,2,1,19.0
778,689,2,1,19.0
779,690,2,1,19.0
780,690,3,1,47.0
781,691,1,1,27.0
782,692,2,1,19.0
783,693,1,1,27.0
784,694,1,1,27.0
785,695,2,1,19.0
786,696,1,1,27.0
787,696,3,1,47.0
788,697,3,1,47.0
789,698,1,1,27.0
790,699,3,1,47.0
791,700,1,1,27.0
792,701,1,1,27.0
793,702,1,1,27.0
794,703,3,1,47.0
795,704,2,1,19.0
796,705,3,1,47.0
797,706,1,1,27.0
798,706,3,1,47.0
799,707,2,1,19.0
800,708,1,1,27.0
801,708,2,1,19.0
802,709,1,1,27.0
803,710,1,1,27.0
804,711,1,1,27.0
805,711,2,1,19.0
806,712,1,1,27.0
807,713,2,1,19.0
808,714,1,1,27.0
809,715,1,1,27.0
810,716,2,1,19.0
811,717,2,1,19.0
812,718,1,1,27.0
813,719,1,1,27.0
814,720,1,1,27.0
815,721,3,1,47.0
816,722,2,1,19.0
817,723,1,1,27.0
818,724,1,1,27.0
819,725,2,1,19.0
820,726,1,1,27.0
821,727,3,1,47.0
822,728,2,1,19.0
823,729,2,1,19.0
824,730,1,1,27.0
825,731,2,1,19.0
826,732,1,1,27.0
827,733,1,1,27.0
828,734,2,1,19.0
829,735,2,1,19.0
830,736,2,1,19.0
831,737,1,1,27.0
832,738,2,1,19.0
833,739,2,1,19.0
834,740,1,1,27.0
835,741,1,1,27.0
836,742,1,1,27.0
837,743,1,1,27.0
838,744,2,1,19.0
839,745,3,1,47.0
840,746,1,1,27.0
841,747,1,1,27.0
842,748,1,1,27.0
843,749,1,1,27.0
844,749,2,1,19.0
845,750,1,1,27.0
846,750,2,1,19.0
847,751,1,1,27.0
848,752,1,1,27.0
849,753,1,1,27.0
850,754,1,1,27.0
851,754,2,1,19.0
852,755,1,1,27.0
853,756,1,1,27.0
854,757,1,1,27.0
855,758,1,1,27.0
856,759,2,1,19.0
857,760,3,1,47.0
858,761,1,1,27.0
859,762,2,1,19.0
860,763,1,1,27.0
861,764,3,1,47.0
862,765,1,1,27.0
863,766,2,1,19.0
864,767,1,1,27.0
865,768,1,1,27.0
866,769,3,1,47.0
867,770,2,1,19.0
868,771,3,1,47.0
869,772,3,1,47.0
870,773,2,1,19.0
871,773,3,1,47.0
872,774,3,1,47.0
873,775,1,1,27.0
874,776,2,1,19.0
875,777,3,1,47.0
876,778,1,1,27.0
877,779,1,1,27.0
878,780,1,1,27.0
879,781,1,1,27.0
880,782,2,1,19.0
881,783,1,1,27.0
882,784,3,1,47.0
883,785,2,1,19.0
884,786,3,1,47.0
885,787,1,1,27.0
886,788,1,1,27.0
887,788,2,1,19.0
888,789,2,1,19.0
889,790,2,1,19.0
890,791,1,1,27.0
891,792,1,1,27.0
892,793,3,1,47.0
893,794,3,1,47.0
894,795,1,1,27.0
895,796,1,1,27.0
896,797,1,1,27.0
897,798,3,1,47.0
898,799,1,1,27.0
899,799,2,1,19.0
900,800,1,1,27.0
901,800,2,1,19.0
902,801,1,1,27.0
903,802,3,1,47.0
904,803,1,1,27.0
905,804,1,1,27.0
906,805,2,1,19.0
907,806,3,1,47.0
908,807,2,1,19.0
909,808,1,1,27.0
910,809,2,1,19.0
911,810,3,1,47.0
912,811,1,1,27.0
913,811,2,1,19.0
914,812,1,1,27.0
915,813,1,1,27.0
916,814,2,1,19.0
917,815,1,1,27.0
918,815,3,1,47.0
919,816,3,1,47.0
920,817,1,1,27.0
921,818,1,1,27.0
922,819,3,1,47.0
923,820,2,1,19.0
924,821,1,1,27.0
925,822,2,1,19.0
926,823,3,1,47.0
927,824,1,1,27.0
928,825,2,1,19.0
929,826,2,1,19.0
930,827,2,1,19.0
931,828,1,1,27.0
932,829,3,1,47.0
933,830,2,1,19.0
934,831,1,1,27.0
935,832,1,1,27.0
936,833,1,1,27.0
937,833,2,1,19.0
938,834,1,1,27.0
939,835,2,1,19.0
940,836,1,1,27.0
941,837,2,1,19.0
942,838,1,1,27.0
943,838,2,1,19.0
944,839,1,1,27.0
945,840,1,1,27.0
946,841,1,1,27.0
947,842,2,1,19.0
948,843,3,1,47.0
949,844,1,1,27.0
950,844,2,1,19.0
951,845,1,1,27.0
952,845,3,1,47.0
953,846,2,1,19.0
954,847,2,1,19.0
955,848,2,1,19.0
956,849,1,1,27.0
957,850,3,1,47.0
958,851,1,1,27.0
959,851,2,1,19.0
960,852,2,1,19.0
961,853,1,1,27.0
962,854,1,1,27.0
963,855,1,1,27.0
964,855,2,1,19.0
965,856,1,1,27.0
966,857,1,1,27.0
967,858,1,1,27.0
968,858,3,1,47.0
969,859,2,1,19.0
970,860,2,1,19.0
971,861,1,1,27.0
972,862,1,1,27.0
973,863,2,1,19.0
974,864,1,1,27.0
975,865,1,1,27.0
976,866,1,1,27.0
977,867,3,1,47.0
978,868,1,1,27.0
979,869,1,1,27.0
980,870,1,1,27.0
981,871,1,1,27.0
982,871,3,1,47.0
983,872,2,1,19.0
984,873,2,1,19.0
985,874,2,1,19.0
986,875,2,1,19.0
987,876,1,1,27.0
988,877,2,1,19.0
989,878,1,1,27.0
990,879,3,1,47.0
991,880,1,1,27.0
992,881,2,1,19.0
993,882,1,1,27.0
994,883,1,1,27.0
995,884,2,1,19.0
996,885,1,1,27.0
997,886,1,1,27.0
998,887,3,1,47.0
999,888,2,1,19.0
1000,889,3,1,47.0
1001,890,1,1,27.0
1002,891,2,1,19.0
1003,892,2,1,19.0
1004,893,2,1,19.0
1005,893,3,1,47.0
1006,894,1,1,27.0
1007,895,2,1,19.0
1008,896,1,1,27.0
1009,897,1,1,27.0
1010,898,3,1,47.0
1011,899,1,1,27.0
1012,900,2,1,19.0
1013,901,2,1,19.0
1014,902,3,1,47.0
1015,903,3,1,47.0
1016,904,1,1,27.0
1017,905,2,1,19.0
1018,906,1,1,27.0
1019,907,1,1,27.0
1020,908,2,1,19.0
1021,909,1,1,27.0
1022,910,1,1,27.0
1023,911,2,1,19.0
1024,912,1,1,27.0
1025,913,2,1,19.0
1026,914,2,1,19.0
1027,915,1,1,27.0
1028,916,3,1,47.0
1029,917,2,1,19.0
1030,918,2,1,19.0
1031,919,1,1,27.0
1032,920,1,1,27.0
1033,921,1,1,27.0
1034,922,3,1,47.0
1035,923,1,1,27.0
1036,924,1,1,27.0
1037,925,1,1,27.0
1038,925,3,1,47.0
1039,926,3,1,47.0
1040,927,1,1,27.0
1041,928,1,1,27.0
1042,929,1,1,27.0
1043,930,2,1,19.0
1044,931,1,1,27.0
1045,932,1,1,27.0
1046,933,1,1,27.0
1047,934,1,1,27.0
1048,934,3,1,47.0
1049,935,2,1,19.0
1050,936,1,1,27.0
1051,937,2,1,19.0
1052,938,1,1,27.0
1053,939,2,1,19.0
1054,940,1,1,27.0
1055,941,1,1,27.0
1056,942,1,1,27.0
1057,943,1,1,27.0
1058,944,3,1,47.0
1059,945,1,1,27.0
1060,946,3,1,47.0
1061,947,1,1,27.0
1062,947,2,1,19.0
1063,948,2,1,19.0
1064,949,1,1,27.0
1065,949,2,1,19.0
1066,950,1,1,27.0
1067,951,2,1,19.0
1068,952,1,1,27.0
1069,953,1,1,27.0
1070,954,1,1,27.0
1071,955,1,1,27.0
1072,956,1,1,27.0
1073,957,2,1,19.0
1074,958,3,1,47.0
1075,959,1,1,27.0
1076,960,1,1,27.0
1077,961,1,1,27.0
1078,962,3,1,47.0
1079,963,3,1,47.0
1080,964,2,1,19.0
1081,965,1,1,27.0
1082,966,1,1,27.0
1083,967,2,1,19.0
1084,968,3,1,47.0
1085,969,2,1,19.0
1086,970,1,1,27.0
1087,971,1,1,27.0
1088,972,2,1,19.0
1089,973,2,1,19.0
1090,974,2,1,19.0
1091,975,1,1,27.0
1092,976,1,1,27.0
1093,977,1,1,27.0
1094,978,2,1,19.0
1095,979,2,1,19.0
1096,980,1,1,27.0
1097,981,1,1,27.0
1098,982,1,1,27.0
1099,983,1,1,27.0
1100,984,2,1,19.0
1101,985,1,1,27.0
1102,986,1,1,27.0
1103,987,1,1,27.0
1104,988,1,1,27.0
1105,989,1,1,27.0
1106,990,3,1,47.0
1107,991,3,1,47.0
1108,992,3,1,47.0
1109,993,2,1,19.0
1110,994,2,1,19.0
1111,995,1,1,27.0
1112,996,2,1,19.0
1113,997,2,1,19.0
1114,998,2,1,19.0
1115,999,2,1,19.0
1116,1000,1,1,27.0
1117,1001,1,1,27.0
1118,1002,1,1,27.0
1119,1003,2,1,19.0
1120,1004,3,1,47.0
1121,1005,1,1,27.0
1122,1006,1,1,27.0
1123,1006,2,1,19.0
1124,1007,1,1,27.0
1125,1008,2,1,19.0
1126,1009,1,1,27.0
1127,1010,1,1,27.0
1128,1011,1,1,27.0
1129,1012,1,1,27.0
1130,1013,1,1,27.0
1131,1014,1,1,27.0
1132,1014,2,1,19.0
1133,1015,1,1,27.0
1134,1016,1,1,27.0
1135,1017,1,1,27.0
1136,1018,1,1,27.0
1137,1018,2,1,19.0
1138,1019,1,1,27.0
1139,1019,3,1,47.0
1140,1020,2,1,19.0
1141,1021,2,1,19.0
1142,1022,1,1,27.0
1143,1023,1,1,27.0
1144,1024,2,1,19.0
1145,1025,2,1,19.0
1146,1026,2,1,19.0
1147,1027,1,1,27.0
1148,1028,2,1,19.0
1149,1029,1,1,27.0
1150,1030,3,1,47.0
1151,1031,1,1,27.0
1152,1032,1,1,27.0
1153,1033,1,1,27.0
1154,1034,3,1,47.0
1155,1035,1,1,27.0
1156,1036,1,1,27.0
1157,1037,3,1,47.0
1158,1038,1,1,27.0
1159,1039,1,1,27.0
1160,1040,1,1,27.0
1161,1041,2,1,19.0
1162,1042,1,1,27.0
1163,1042,2,1,19.0
1164,1043,1,1,27.0
1165,1044,2,1,19.0
1166,1045,2,1,19.0
1167,1046,1,1,27.0
1168,1047,1,1,27.0
1169,1048,1,1,27.0
1170,1049,2,1,19.0
1171,1050,3,1,47.0
1172,1051,2,1,19.0
1173,1052,2,1,19.0
1174,1053,1,1,27.0
1175,1054,2,1,19.0
1176,1055,1,1,27.0
1177,1056,2,1,19.0
1178,1057,1,1,27.0
1179,1058,1,1,27.0
1180,1058,2,1,19.0
1181,1059,1,1,27.0
1182,1060,1,1,27.0
1183,1061,1,1,27.0
1184,1062,1,1,27.0
1185,1063,1,1,27.0
1186,1064,2,1,19.0
1187,1065,3,1,47.0
1188,1066,1,1,27.0
1189,1067,1,1,27.0
1190,1068,2,1,19.0
1191,1069,1,1,27.0
1192,1070,1,1,27.0
1193,1071,2,1,19.0
1194,1072,2,1,19.0
1195,1073,1,1,27.0
1196,1074,1,1,27.0
1197,1075,2,1,19.0
1198,1076,1,1,27.0
1199,1077,3,1,47.0
1200,1078,3,1,47.0
1201,1079,1,1,27.0
1202,1079,2,1,19.0
1203,1080,2,1,19.0
1204,1081,2,1,19.0
1205,1082,1,1,27.0
1206,1083,1,1,27.0
1207,1084,1,1,27.0
1208,1085,1,1,27.0
1209,1086,2,1,19.0
1210,1087,2,1,19.0
1211,1087,3,1,47.0
1212,1088,1,1,27.0
1213,1089,1,1,27.0
1214,1090,2,1,19.0
1215,1091,1,1,27.0
1216,1092,1,1,27.0
1217,1093,1,1,27.0
1218,1094,1,1,27.0
1219,1094,3,1,47.0
1220,1095,1,1,27.0
1221,1095,2,1,19.0
1222,1096,3,1,47.0
1223,1097,3,1,47.0
1224,1098,1,1,27.0
1225,1099,2,1,19.0
1226,1100,2,1,19.0
1227,1101,1,1,27.0
1228,1101,3,1,47.0
1229,1102,2,1,19.0
1230,1103,1,1,27.0
1231,1103,3,1,47.0
1232,1104,2,1,19.0
1233,1105,1,1,27.0
1234,1106,1,1,27.0
1235,1107,1,1,27.0
1236,1108,1,1,27.0
1237,1109,1,1,27.0
1238,1109,3,1,47.0
1239,1110,2,1,19.0
1240,1111,1,1,27.0
1241,1112,1,1,27.0
1242,1112,3,1,47.0
1243,1113,1,1,27.0
1244,1113,3,1,47.0
1245,1114,1,1,27.0
1246,1115,2,1,19.0
1247,1116,1,1,27.0
1248,1117,2,1,19.0
1249,1118,3,1,47.0
1250,1119,1,1,27.0
1251,1120,2,1,19.0
1252,1121,1,1,27.0
1253,1122,2,1,19.0
1254,1123,1,1,27.0
1255,1124,2,1,19.0
1256,1125,1,1,27.0
1257,1126,1,1,27.0
1258,1127,2,1,19.0
1259,1128,1,1,27.0
1260,1128,2,1,19.0
1261,1129,2,1,19.0
1262,1130,3,1,47.0
1263,1131,2,1,19.0
1264,1132,1,1,27.0
1265,1133,2,1,19.0
1266,1134,1,1,27.0
1267,1135,2,1,19.0
1268,1136,1,1,27.0
1269,1136,2,1,19.0
1270,1137,1,1,27.0
1271,1138,1,1,27.0
1272,1139,2,1,19.0
1273,1140,1,1,27.0
1274,1141,3,1,47.0
1275,1142,2,1,19.0
1276,1143,1,1,27.0
1277,1144,2,1,19.0
1278,1145,2,1,19.0
1279,1146,2,1,19.0
1280,1147,3,1,47.0
1281,1148,2,1,19.0
1282,1149,1,1,27.0
1283,1150,2,1,19.0
1284,1151,1,1,27.0
1285,1152,1,1,27.0
1286,1153,3,1,47.0
1287,1154,1,1,27.0
1288,1154,2,1,19.0
1289,1155,1,1,27.0
1290,1156,3,1,47.0
1291,1157,2,1,19.0
1292,1158,1,1,27.0
1293,1159,1,1,27.0
1294,1159,2,1,19.0
1295,1160,1,1,27.0
1296,1161,1,1,27.0
1297,1162,1,1,27.0
1298,1163,1,1,27.0
1299,1164,3,1,47.0
1300,1165,1,1,27.0
1301,1166,3,1,47.0
1302,1167,1,1,27.0
1303,1168,2,1,19.0
1304,1168,3,1,47.0
1305,1169,2,1,19.0
1306,1170,2,1,19.0
1307,1171,3,1,47.0
1308,1172,1,1,27.0
1309,1172,2,1,19.0
1310,1173,2,1,19.0
1311,1174,2,1,19.0
1312,1175,1,1,27.0
1313,1176,1,1,27.0
1314,1177,2,1,19.0
1315,1178,1,1,27.0
1316,1179,1,1,27.0
1317,1180,3,1,47.0
1318,1181,1,1,27.0
1319,1182,1,1,27.0
1320,1183,1,1,27.0
1321,1183,2,1,19.0
1322,1184,2,1,19.0
1323,1185,2,1,19.0
1324,1186,2,1,19.0
1325,1187,1,1,27.0
1326,1188,1,1,27.0
1327,1189,2,1,19.0
1328,1190,2,1,19.0
1329,1191,1,1,27.0
1330,1192,1,1,27.0
1331,1192,2,1,19.0
1332,1193,2,1,19.0
1333,1194,1,1,27.0
1334,1195,1,1,27.0
1335,1196,1,1,27.0
1336,1197,1,1,27.0
1337,1198,1,1,27.0
1338,1199,1,1,27.0
1339,1200,2,1,19.0
1340,1201,2,1,19.0
1341,1202,1,1,27.0
1342,1202,3,1,47.0
1343,1203,1,1,27.0
1344,1204,2,1,19.0
1345,1205,3,1,47.0
1346,1206,1,1,27.0
1347,1207,1,1,27.0
1348,1208,3,1,47.0
1349,1209,1,1,27.0
1350,1210,1,1,27.0
1351,1211,1,1,27.0
1352,1212,2,1,19.0
1353,1213,3,1,47.0
1354,1214,2,1,19.0
1355,1215,1,1,27.0
1356,1216,1,1,27.0
1357,1217,3,1,47.0
1358,1218,1,1,27.0
1359,1218,3,1,47.0
1360,1219,1,1,27.0
